seed,optimal_gain,true_greedy_ratio,independence_greedy_ratio,singleton_ratio,random_ratio,true_greedy_domains,independence_greedy_domains,optimal_domains,true_greedy_subset,independence_greedy_subset,optimal_subset
0,0.4089014826887359,1.0,0.9514547334139982,0.9514547334139982,0.958117018737157,3,2,3,"(1, 5, 8, 10)","(0, 1, 5, 7)","(1, 5, 8, 10)"
1,0.42277087048492773,1.0,0.9668630354673731,1.0,0.973821684549697,3,3,3,"(2, 5, 8, 11)","(2, 4, 5, 11)","(2, 5, 8, 11)"
2,0.40117670587857396,1.0,0.9536080512474161,0.9536080512474161,0.9669243875235031,3,2,3,"(1, 3, 5, 10)","(1, 3, 9, 10)","(1, 3, 5, 10)"
3,0.40189347852780855,1.0,1.0,0.9496118839026644,0.9540828219559853,3,3,3,"(2, 4, 6, 10)","(2, 4, 6, 10)","(2, 4, 6, 10)"
4,0.33239865978130645,1.0,0.8682936060236457,0.8675603747807223,0.9826031079724826,3,2,3,"(0, 1, 4, 9)","(1, 8, 9, 10)","(0, 1, 4, 9)"
5,0.39571294926087547,1.0,0.9537463762050353,0.8637123784712565,0.9673655340906223,3,2,3,"(3, 5, 6, 9)","(0, 3, 4, 5)","(3, 5, 6, 9)"
6,0.369894369609096,1.0,0.8659227503031841,0.8659227503031841,0.9666693175791489,3,2,3,"(1, 4, 6, 9)","(1, 2, 3, 4)","(1, 4, 6, 9)"
7,0.4050263714437081,1.0,0.881567858078825,0.881567858078825,0.9669496732120929,3,2,3,"(1, 3, 4, 11)","(4, 5, 6, 11)","(1, 3, 4, 11)"
8,0.4362977651228955,1.0,0.647488036590986,0.647488036590986,0.9554459407434875,3,1,3,"(3, 6, 9, 11)","(0, 1, 2, 3)","(3, 6, 9, 11)"
9,0.4367874374028208,1.0,0.9563002233159391,0.8672883698824105,0.9727564002932602,3,2,3,"(0, 3, 5, 9)","(0, 3, 9, 10)","(0, 3, 5, 9)"
10,0.3538212254886588,1.0,0.8699032901090435,0.869899757355705,0.9669093912038857,3,2,3,"(0, 3, 7, 11)","(3, 8, 10, 11)","(0, 3, 7, 11)"
11,0.4338770478774083,1.0,0.8758331995444275,0.8758331995444275,0.9770996915039296,3,2,3,"(3, 7, 9, 11)","(0, 1, 3, 11)","(3, 7, 9, 11)"
12,0.38255236543990034,1.0,1.0,1.0,0.9712883885625491,3,3,3,"(0, 3, 6, 10)","(0, 3, 6, 10)","(0, 3, 6, 10)"
13,0.3508022077531222,1.0,0.963643930053002,0.963643930053002,0.9621322197701329,3,3,3,"(2, 3, 7, 8)","(3, 7, 8, 9)","(2, 3, 7, 8)"
14,0.40408104148334145,1.0,0.6384921577642831,0.6384921577642831,0.9607401375100075,3,1,3,"(1, 4, 6, 9)","(0, 1, 2, 3)","(1, 4, 6, 9)"
15,0.37888057130910846,1.0,0.8792163711604788,0.8792163711604788,0.9556241067707475,3,2,3,"(3, 6, 7, 9)","(0, 2, 3, 7)","(3, 6, 7, 9)"
16,0.3269945175306582,1.0,0.9999874029659854,0.9999874029659854,0.9445949611424922,3,3,3,"(0, 5, 7, 10)","(0, 7, 9, 10)","(0, 5, 7, 10)"
17,0.3739254564649914,1.0,1.0,0.9892293317396252,0.9639080610147581,3,3,3,"(0, 7, 8, 9)","(0, 7, 8, 9)","(0, 7, 8, 9)"
18,0.35007523158232723,1.0,0.6570064864807492,0.6570064864807492,0.9711764589917052,3,1,3,"(0, 4, 8, 9)","(4, 5, 6, 7)","(0, 4, 8, 9)"
19,0.35970500464708677,1.0,0.952183083204455,0.8633650090871745,0.9605166986621201,3,2,3,"(1, 4, 5, 9)","(4, 5, 8, 9)","(1, 4, 5, 9)"
20,0.3937924081361151,1.0,0.863651351940554,0.6326090401760586,0.9636595145069097,3,2,3,"(2, 6, 7, 9)","(7, 8, 9, 10)","(2, 6, 7, 9)"
21,0.40862858214257375,1.0,0.8701068132370462,0.6464625624528564,0.9738595850421069,3,2,3,"(2, 6, 7, 11)","(7, 8, 10, 11)","(2, 6, 7, 11)"
22,0.4306170077466379,0.9998684693319788,0.868861207669154,0.868861207669154,0.9811901698219905,3,2,3,"(3, 4, 8, 9)","(3, 4, 5, 6)","(3, 6, 8, 9)"
23,0.4375788032402373,1.0,0.6346754977203661,0.6346754977203661,0.9623123400131067,3,1,3,"(0, 4, 8, 10)","(0, 1, 2, 3)","(0, 4, 8, 10)"
24,0.3643200292426819,1.0,0.6366280112661401,0.6366280112661401,0.9743507238200423,3,1,3,"(2, 3, 6, 9)","(8, 9, 10, 11)","(2, 3, 6, 9)"
25,0.4187004581418333,1.0,0.8579465906110865,0.8579465906110865,0.9720770230376957,3,2,3,"(0, 3, 7, 10)","(0, 4, 5, 7)","(0, 3, 7, 10)"
26,0.4346697677908473,1.0,0.6471796464981403,0.6471796464981403,0.9667800076076807,3,1,3,"(3, 5, 7, 11)","(0, 1, 2, 3)","(3, 5, 7, 11)"
27,0.3611938767169285,1.0,0.8759247241960065,0.8759247241960065,0.9522750416835061,3,2,3,"(2, 3, 7, 10)","(2, 5, 6, 7)","(2, 3, 7, 10)"
28,0.4111411028267657,1.0,0.9683823624711766,0.9684100300063664,0.9629913606450513,3,3,3,"(3, 7, 10, 11)","(3, 5, 7, 10)","(3, 7, 10, 11)"
29,0.3732542175755114,1.0,0.6519413791497416,0.6519413791497416,0.9728121543696824,3,1,3,"(2, 5, 8, 11)","(0, 1, 2, 3)","(2, 5, 8, 11)"
30,0.37300148872735855,1.0,0.6608370799727904,0.6608370799727904,0.9676591537910539,3,1,3,"(2, 5, 6, 8)","(8, 9, 10, 11)","(2, 5, 6, 8)"
31,0.34066075296352144,0.9995492652639639,0.8859011897385641,0.6603665664540947,0.9779075794056146,3,2,3,"(0, 6, 9, 11)","(5, 6, 7, 9)","(1, 6, 9, 11)"
32,0.4244567859256741,1.0,1.0,1.0,0.9544950613736594,3,3,3,"(1, 3, 7, 11)","(1, 3, 7, 11)","(1, 3, 7, 11)"
33,0.4668026870039891,1.0,1.0,1.0,0.9477553752392603,3,3,3,"(1, 4, 7, 11)","(1, 4, 7, 11)","(1, 4, 7, 11)"
34,0.32634756457659114,1.0,0.85555416944092,0.6172254401386985,0.9728794623047193,3,2,3,"(3, 4, 6, 8)","(6, 8, 10, 11)","(3, 4, 6, 8)"
35,0.4800488986645634,1.0,0.6591638612168158,0.6591638612168158,0.9679325101934477,3,1,3,"(0, 5, 7, 10)","(8, 9, 10, 11)","(0, 5, 7, 10)"
36,0.4125989222991425,1.0,0.6419148316623657,0.6419148316623657,0.9701730063373826,3,1,3,"(1, 5, 9, 10)","(0, 1, 2, 3)","(1, 5, 9, 10)"
37,0.4219864758921742,1.0,0.6172002707201008,0.6172002707201008,0.9666049221078062,3,1,3,"(2, 3, 7, 8)","(4, 5, 6, 7)","(2, 3, 7, 8)"
38,0.4123591368515534,1.0,0.9567298801211225,0.9567298801211225,0.9781468728489289,3,2,3,"(1, 5, 8, 10)","(1, 2, 8, 10)","(1, 5, 8, 10)"
39,0.4188784322751389,1.0,0.8559970798888106,0.6184150207374699,0.9710520000303121,3,2,3,"(1, 4, 9, 10)","(0, 1, 3, 10)","(1, 4, 9, 10)"
40,0.45439273061976704,1.0,0.8621506357353115,0.8621506357353115,0.9797420115664902,3,2,3,"(1, 4, 8, 11)","(4, 5, 6, 11)","(1, 4, 8, 11)"
41,0.3361294891327482,0.999933292644393,0.8737220123706145,0.8741655694396632,0.9568450428139506,3,2,3,"(0, 2, 6, 11)","(2, 8, 9, 11)","(0, 2, 7, 11)"
42,0.43003118177421285,1.0,0.8701399530822437,0.6481228024669556,0.9570921201340264,3,2,3,"(2, 4, 9, 11)","(0, 1, 2, 11)","(2, 4, 9, 11)"
43,0.40570160225526924,1.0,0.9989869525150635,0.9522999337987154,0.9651074885330335,3,3,3,"(1, 2, 5, 9)","(2, 6, 9, 10)","(1, 2, 5, 9)"
44,0.3538594484270764,1.0,0.9587382072269571,0.9573690005693759,0.9691327198544045,3,3,3,"(1, 6, 7, 10)","(0, 1, 6, 10)","(1, 6, 7, 10)"
45,0.3578096098967404,1.0,0.8614804352973611,0.6294985976982008,0.9543126628592512,3,2,3,"(1, 6, 10, 11)","(4, 5, 6, 10)","(1, 6, 10, 11)"
46,0.34275295304090814,1.0,0.9524087511005155,0.9524087511005155,0.9602463304772083,3,2,3,"(0, 4, 6, 11)","(4, 6, 10, 11)","(0, 4, 6, 11)"
47,0.38185036166053743,1.0,0.956974303815319,0.8665693316805144,0.9706418944101564,3,2,3,"(1, 6, 8, 11)","(0, 1, 8, 11)","(1, 6, 8, 11)"
48,0.4343382267507663,1.0,0.8637939393569241,0.8637939393569241,0.9603260798800043,3,2,3,"(1, 6, 7, 8)","(0, 1, 3, 7)","(1, 6, 7, 8)"
49,0.40479269965846026,1.0,1.0,1.0,0.9644587534976894,3,3,3,"(1, 5, 8, 9)","(1, 5, 8, 9)","(1, 5, 8, 9)"
50,0.4125255889722355,1.0,1.0,1.0,0.9701388801578381,3,3,3,"(0, 2, 4, 8)","(0, 2, 4, 8)","(0, 2, 4, 8)"
51,0.39489214702697956,1.0,0.8558788205200071,0.8558788205200071,0.9559763963447162,3,2,3,"(2, 3, 6, 9)","(2, 4, 5, 6)","(2, 3, 6, 9)"
52,0.3694489578427051,1.0,0.6609213854552838,0.6609213854552838,0.9681172710467293,3,1,3,"(0, 2, 5, 10)","(4, 5, 6, 7)","(0, 2, 5, 10)"
53,0.3811047236341568,1.0,0.9530694737746925,0.8600018475021557,0.9737139400943361,3,2,3,"(0, 3, 7, 9)","(0, 3, 9, 10)","(0, 3, 7, 9)"
54,0.3288813610623886,1.0,0.6642726103143038,0.6642726103143038,0.9658177454480081,3,1,3,"(0, 2, 5, 10)","(4, 5, 6, 7)","(0, 2, 5, 10)"
55,0.4212322324704249,1.0,0.8754729035468262,0.8754729035468262,0.9729636549714267,3,2,3,"(2, 3, 6, 8)","(2, 8, 9, 10)","(2, 3, 6, 8)"
56,0.38390384395298305,1.0,0.9992925853690819,0.995664355952611,0.9617167254431787,3,3,3,"(0, 4, 6, 11)","(0, 4, 10, 11)","(0, 4, 6, 11)"
57,0.40593231319393713,1.0,0.8683719596093296,0.8683719596093296,0.969327760191007,3,2,3,"(0, 4, 5, 11)","(0, 1, 3, 5)","(0, 4, 5, 11)"
58,0.3572725969019402,1.0,0.8627975243794999,0.8627975243794999,0.9709378356498266,3,2,3,"(2, 4, 5, 10)","(2, 9, 10, 11)","(2, 4, 5, 10)"
59,0.41921939478264564,1.0,0.9567766097117022,0.9567766097117022,0.9658503681998112,3,2,3,"(1, 7, 8, 11)","(1, 3, 8, 11)","(1, 7, 8, 11)"
60,0.40684113186774334,1.0,1.0,1.0,0.9670885594946557,3,3,3,"(1, 5, 6, 9)","(1, 5, 6, 9)","(1, 5, 6, 9)"
61,0.4335986850915626,1.0,0.9596791849771328,0.9596791849771328,0.9635436132673684,3,2,3,"(2, 3, 7, 9)","(2, 3, 6, 7)","(2, 3, 7, 9)"
62,0.4481838262605474,1.0,0.6459968836392662,0.6459968836392662,0.966495543678775,3,1,3,"(0, 7, 8, 9)","(4, 5, 6, 7)","(0, 7, 8, 9)"
63,0.4031541127239038,1.0,0.8622045186096924,0.8622011379927099,0.9804474403531948,3,2,3,"(2, 4, 8, 9)","(2, 4, 5, 7)","(2, 4, 8, 9)"
64,0.36128896350300266,1.0,0.9576231103600392,0.8694479839679198,0.9632560879473481,3,2,3,"(1, 5, 7, 10)","(5, 7, 8, 10)","(1, 5, 7, 10)"
65,0.42068992416735645,1.0,0.9653714511814999,0.9653714511814999,0.9646222223614442,3,3,3,"(1, 4, 5, 10)","(1, 4, 9, 10)","(1, 4, 5, 10)"
66,0.40251757890807993,1.0,0.95488902041161,0.8697468182966545,0.9659192121132322,3,2,3,"(0, 1, 5, 9)","(0, 1, 9, 11)","(0, 1, 5, 9)"
67,0.4216252353789877,1.0,0.8675026584882235,0.8675026584882235,0.9583836884306497,3,2,3,"(1, 7, 8, 9)","(4, 5, 7, 8)","(1, 7, 8, 9)"
68,0.3821569056264571,1.0,0.8539420794996753,0.6179541628086307,0.954018272025246,3,2,3,"(1, 4, 6, 8)","(1, 2, 3, 8)","(1, 4, 6, 8)"
69,0.3498470349034914,0.9999690597247997,0.8616759415145954,0.62697592443827,0.9724862548060533,3,2,3,"(1, 4, 7, 9)","(0, 1, 3, 9)","(0, 4, 7, 9)"
70,0.4560146998981614,1.0,0.8593902649131392,0.8593902649131392,0.9627889310365014,3,2,3,"(3, 7, 8, 11)","(5, 6, 7, 8)","(3, 7, 8, 11)"
71,0.4073498353986842,1.0,0.8576837721518413,0.8576837721518413,0.9693169912641704,3,2,3,"(0, 4, 6, 10)","(0, 9, 10, 11)","(0, 4, 6, 10)"
72,0.39793275407687184,1.0,0.8858287834872903,0.8858287834872903,0.959580146013491,3,2,3,"(1, 4, 6, 11)","(4, 9, 10, 11)","(1, 4, 6, 11)"
73,0.4657520578249162,1.0,0.9840532667991465,0.9840532667991465,0.9673085990025919,3,2,3,"(1, 4, 6, 8)","(4, 5, 6, 8)","(1, 4, 6, 8)"
74,0.33732348437788723,1.0,1.0,1.0,0.959209674893734,3,3,3,"(1, 3, 6, 10)","(1, 3, 6, 10)","(1, 3, 6, 10)"
75,0.3686313998118945,1.0,0.875149468276576,0.875149468276576,0.958663990167057,3,2,3,"(1, 3, 4, 10)","(3, 4, 5, 6)","(1, 3, 4, 10)"
76,0.48013322394038577,1.0,0.9655812947610256,0.8698214293003204,0.9711785161347222,3,3,3,"(1, 3, 7, 10)","(3, 5, 7, 10)","(1, 3, 7, 10)"
77,0.37022842121036653,1.0,0.9857952652604035,0.9857952652604035,0.9521581624264727,3,2,3,"(1, 4, 7, 10)","(4, 6, 7, 10)","(1, 4, 7, 10)"
78,0.35901169938711863,0.9997574844147529,0.6283527831439443,0.6283527831439443,0.9521575935501247,3,1,3,"(0, 6, 7, 11)","(0, 1, 2, 3)","(0, 6, 7, 8)"
79,0.4408439566866269,0.9999116755022212,0.8659793581803547,0.6444336543959535,0.9698493258232792,3,2,3,"(0, 6, 7, 10)","(0, 1, 2, 10)","(2, 6, 7, 10)"
80,0.3781976110241563,1.0,0.9941272486100631,0.9989248173813519,0.9628893132615723,3,2,3,"(3, 6, 7, 10)","(6, 7, 9, 10)","(3, 6, 7, 10)"
81,0.3613893122320869,1.0,0.8579170297465314,0.8573048143648695,0.962080608970997,3,2,3,"(2, 5, 8, 11)","(5, 6, 7, 8)","(2, 5, 8, 11)"
82,0.41590603619210414,1.0,0.8606481828181942,0.6259692403917649,0.9775564154572413,3,2,3,"(2, 6, 8, 11)","(0, 2, 3, 6)","(2, 6, 8, 11)"
83,0.38999603746734307,1.0,0.9606945639490644,0.9606933284644851,0.9671381838916299,3,3,3,"(0, 5, 7, 9)","(0, 7, 9, 10)","(0, 5, 7, 9)"
84,0.43397348260704827,1.0,0.8625824724095419,0.626886731451013,0.9738426967574335,3,2,3,"(2, 7, 8, 11)","(1, 2, 3, 7)","(2, 7, 8, 11)"
85,0.4323645963463188,1.0,1.0,1.0,0.96933091893209,3,3,3,"(3, 6, 7, 10)","(3, 6, 7, 10)","(3, 6, 7, 10)"
86,0.41549228196154175,1.0,0.9675738344850893,0.9675738344850893,0.9687228884965657,3,3,3,"(2, 5, 6, 10)","(1, 2, 5, 10)","(2, 5, 6, 10)"
87,0.44959261298725056,1.0,0.8683235230282488,0.8683235230282488,0.9626193850290286,3,2,3,"(2, 6, 7, 9)","(6, 8, 9, 11)","(2, 6, 7, 9)"
88,0.4587807820531099,1.0,0.67171420869672,0.67171420869672,0.972107320650402,3,1,3,"(3, 4, 8, 9)","(0, 1, 2, 3)","(3, 4, 8, 9)"
89,0.4345236863339043,1.0,0.8711803849782621,0.8711791719707583,0.966034940711439,3,2,3,"(2, 4, 8, 11)","(4, 6, 7, 8)","(2, 4, 8, 11)"
90,0.39687317595566635,1.0,0.6162639268701351,0.6162639268701351,0.9558565007863478,3,1,3,"(0, 1, 6, 10)","(8, 9, 10, 11)","(0, 1, 6, 10)"
91,0.4174853913708927,1.0,0.9650113638553786,0.8699729884841051,0.9689880260177606,3,3,3,"(1, 5, 9, 10)","(1, 3, 5, 9)","(1, 5, 9, 10)"
92,0.4051131040503492,1.0,0.9988317616717157,0.9962437476318134,0.9631467884267925,3,3,3,"(0, 7, 9, 11)","(0, 5, 7, 9)","(0, 7, 9, 11)"
93,0.33871529792730726,1.0,0.9883366968905002,0.9883366968905002,0.9744241829717591,3,2,3,"(1, 7, 9, 10)","(7, 8, 9, 10)","(1, 7, 9, 10)"
94,0.3422849954856063,1.0,0.87143653091469,0.87143653091469,0.9650514544330123,3,2,3,"(3, 5, 8, 9)","(4, 5, 6, 9)","(3, 5, 8, 9)"
95,0.38105073613247786,1.0,0.6553513548600868,0.6553513548600868,0.9726893680383448,3,1,3,"(1, 4, 6, 9)","(8, 9, 10, 11)","(1, 4, 6, 9)"
96,0.3811279867505042,1.0,0.8792939629532162,0.8792939629532162,0.9555716962922989,3,2,3,"(2, 5, 7, 10)","(7, 8, 9, 10)","(2, 5, 7, 10)"
97,0.39050880445919894,1.0,0.6520604797567167,0.6520604797567167,0.9598679509500515,3,1,3,"(1, 5, 6, 11)","(8, 9, 10, 11)","(1, 5, 6, 11)"
98,0.44290464836250854,1.0,0.9496406028025145,0.9496406028025145,0.9687286396623627,3,2,3,"(2, 3, 5, 11)","(2, 3, 5, 7)","(2, 3, 5, 11)"
99,0.4130759770561912,1.0,0.9583362590994423,0.9996293984994498,0.9598808304579414,3,3,3,"(2, 4, 5, 9)","(2, 4, 8, 9)","(2, 4, 5, 9)"
100,0.38144757604490515,1.0,1.0,1.0,0.9764156203863766,3,3,3,"(1, 3, 7, 9)","(1, 3, 7, 9)","(1, 3, 7, 9)"
101,0.3794549086014396,1.0,0.9589651672886238,0.9589651672886238,0.9644577882450674,3,3,3,"(0, 5, 10, 11)","(0, 4, 5, 11)","(0, 5, 10, 11)"
102,0.3862696879925568,1.0,0.8652954157078331,0.6316611628151829,0.9639052315832928,3,2,3,"(3, 5, 9, 11)","(3, 4, 5, 6)","(3, 5, 9, 11)"
103,0.419495131902577,0.9999986879105116,0.8603090662532992,0.6235358079921781,0.9639250619388384,3,2,3,"(3, 5, 7, 10)","(7, 9, 10, 11)","(3, 5, 7, 9)"
104,0.41864093374346123,1.0,1.0,1.0,0.9592364794359879,3,3,3,"(0, 4, 5, 8)","(0, 4, 5, 8)","(0, 4, 5, 8)"
105,0.412830864284496,1.0,0.8647693742787685,0.8647693742787685,0.955198466045465,3,2,3,"(2, 7, 8, 11)","(0, 2, 3, 7)","(2, 7, 8, 11)"
106,0.45446800683260596,0.9999634043408351,0.9576107130832995,0.9576107130832995,0.9682129051682309,3,2,3,"(1, 4, 7, 10)","(4, 7, 10, 11)","(2, 4, 7, 10)"
107,0.4526075545500814,1.0,0.6458966445934861,0.6458966445934861,0.969867331155894,3,1,3,"(1, 3, 5, 9)","(4, 5, 6, 7)","(1, 3, 5, 9)"
108,0.3972776896797141,1.0,0.9578178484889072,0.9578178484889072,0.9609381416787147,3,2,3,"(2, 6, 9, 11)","(0, 2, 9, 11)","(2, 6, 9, 11)"
109,0.32376042071253686,1.0,0.6566778541787,0.6566778541787,0.9694293669059757,3,1,3,"(2, 3, 7, 11)","(8, 9, 10, 11)","(2, 3, 7, 11)"
110,0.44314814509728917,1.0,0.9999330272972198,0.9999330272972198,0.9635616543787963,3,3,3,"(3, 6, 9, 10)","(2, 3, 6, 9)","(3, 6, 9, 10)"
111,0.36561931330242187,1.0,1.0,0.9622065260443403,0.9772000828360969,3,3,3,"(0, 3, 5, 8)","(0, 3, 5, 8)","(0, 3, 5, 8)"
112,0.34422552852221855,1.0,0.9676039449818871,0.9676039449818871,0.9802812342843696,3,3,3,"(2, 5, 8, 11)","(2, 4, 5, 11)","(2, 5, 8, 11)"
113,0.4262867932156601,1.0,0.958246538049619,0.958246538049619,0.970222138382479,3,2,3,"(0, 1, 4, 11)","(0, 1, 10, 11)","(0, 1, 4, 11)"
114,0.411778558723486,1.0,0.6269637072602312,0.6269637072602312,0.9617353318214367,3,1,3,"(0, 6, 8, 11)","(4, 5, 6, 7)","(0, 6, 8, 11)"
115,0.4599279297237531,1.0,0.8678900477854823,0.6404871908596814,0.9700323945669997,3,2,3,"(3, 4, 7, 9)","(0, 2, 3, 4)","(3, 4, 7, 9)"
116,0.4015417282808308,1.0,0.9616098588179547,0.9616098588179547,0.9664459219558558,3,3,3,"(0, 5, 9, 10)","(0, 5, 6, 10)","(0, 5, 9, 10)"
117,0.3692190712008234,0.9996745726784351,0.8565757688643125,0.8565757688643125,0.9650847853302509,3,2,3,"(1, 6, 10, 11)","(4, 5, 6, 10)","(2, 6, 10, 11)"
118,0.3753266060097425,1.0,0.961639636519401,0.961639636519401,0.9425044863406858,3,3,3,"(0, 2, 6, 10)","(2, 4, 6, 10)","(0, 2, 6, 10)"
119,0.41763314275783925,1.0,0.6576806600096363,0.6576806600096363,0.964045465390194,3,1,3,"(1, 7, 10, 11)","(4, 5, 6, 7)","(1, 7, 10, 11)"
120,0.3950056483748775,0.9998584149432058,0.9603747625317929,0.8565911309608875,0.9624738651660286,3,3,3,"(0, 2, 5, 11)","(2, 4, 5, 11)","(0, 2, 4, 11)"
121,0.3839293062089844,0.9999799512544731,0.9999799512544731,0.9999799512544731,0.9682701034789043,3,3,3,"(2, 7, 10, 11)","(2, 7, 10, 11)","(2, 5, 10, 11)"
122,0.34267898436011424,1.0,0.8615499087689787,0.6271642104047009,0.957938202309259,3,2,3,"(0, 4, 5, 11)","(0, 2, 3, 4)","(0, 4, 5, 11)"
123,0.38119857242095084,1.0,0.9683033398334606,0.9683033398334606,0.955602790289093,3,3,3,"(0, 1, 6, 11)","(0, 4, 6, 11)","(0, 1, 6, 11)"
124,0.42674633854943955,1.0,0.9648085332925548,0.9648085332925548,0.9590957228389245,3,3,3,"(1, 5, 7, 11)","(1, 5, 10, 11)","(1, 5, 7, 11)"
125,0.41226086618196955,1.0,0.9966755283669061,0.9966755283669061,0.9644765318883716,3,3,3,"(1, 4, 5, 11)","(1, 2, 5, 11)","(1, 4, 5, 11)"
126,0.4905797563497535,1.0,0.9667118106570145,0.9667118106570145,0.9671986628115828,3,3,3,"(1, 5, 6, 8)","(1, 6, 8, 10)","(1, 5, 6, 8)"
127,0.41517574330959894,0.9999759244746264,0.9963366779863642,0.9963366779863642,0.9714855042757251,3,2,3,"(1, 2, 7, 10)","(1, 2, 8, 10)","(1, 2, 6, 10)"
128,0.3969777615390531,0.9999417838601576,0.6527881886968414,0.6527881886968414,0.9603842825742881,3,1,3,"(1, 6, 10, 11)","(4, 5, 6, 7)","(2, 5, 10, 11)"
129,0.3534918186563943,1.0,0.99587459570233,0.99587459570233,0.9556781644497719,3,2,3,"(1, 2, 5, 10)","(1, 2, 5, 7)","(1, 2, 5, 10)"
130,0.4048534769898852,1.0,0.6351086034842122,0.6351086034842122,0.9757594191786794,3,1,3,"(1, 4, 9, 10)","(4, 5, 6, 7)","(1, 4, 9, 10)"
131,0.39807335680148315,0.999855409302455,0.8678469612326385,0.8678515978411951,0.9709193919514423,3,2,3,"(3, 4, 9, 10)","(0, 2, 3, 9)","(0, 4, 9, 10)"
132,0.33144257657742204,1.0,0.6204914617637846,0.6204914617637846,0.9661599816093525,3,1,3,"(2, 3, 4, 9)","(4, 5, 6, 7)","(2, 3, 4, 9)"
133,0.40712883302026603,0.9994886291697166,0.9563911197569365,0.9563911197569365,0.9700385630052812,3,2,3,"(0, 5, 6, 11)","(0, 3, 5, 6)","(0, 5, 6, 9)"
134,0.4443649483446686,1.0,0.9886685825998,0.8537717786106607,0.9679237719650897,3,2,3,"(1, 7, 8, 10)","(7, 8, 10, 11)","(1, 7, 8, 10)"
135,0.4373290960130484,1.0,0.9568109956204766,0.8700761151210935,0.966831354940164,3,2,3,"(3, 6, 7, 9)","(0, 3, 6, 7)","(3, 6, 7, 9)"
136,0.4182382118077383,1.0,0.8728761264176244,0.8728761264176244,0.9534436106840689,3,2,3,"(2, 4, 6, 11)","(0, 1, 2, 4)","(2, 4, 6, 11)"
137,0.4126012045961179,1.0,0.8718695459465825,0.8718695459465825,0.9617532561966188,3,2,3,"(2, 6, 7, 8)","(0, 2, 3, 7)","(2, 6, 7, 8)"
138,0.45253217238848126,1.0,0.9957745260554001,0.9957745260554001,0.9681386212954407,3,2,3,"(0, 2, 7, 8)","(0, 2, 5, 7)","(0, 2, 7, 8)"
139,0.41613488312867675,1.0,0.6259981459538981,0.6259981459538981,0.967026856271118,3,1,3,"(3, 5, 7, 11)","(0, 1, 2, 3)","(3, 5, 7, 11)"
140,0.46987790076543523,1.0,0.9599553016791478,0.8577893146256326,0.9661780519491056,3,3,3,"(2, 6, 7, 8)","(0, 2, 6, 8)","(2, 6, 7, 8)"
141,0.3983172841687512,1.0,0.6550564050982972,0.6550564050982972,0.9652655529317472,3,1,3,"(0, 1, 5, 11)","(8, 9, 10, 11)","(0, 1, 5, 11)"
142,0.38069585239195847,1.0,0.8723576886457078,0.8723576886457078,0.963203555876935,3,2,3,"(0, 1, 4, 11)","(0, 4, 6, 7)","(0, 1, 4, 11)"
143,0.39594719835017356,0.9998098671093062,0.6295123820757467,0.6295123820757467,0.9764827769361982,3,1,3,"(0, 5, 7, 9)","(0, 1, 2, 3)","(1, 5, 7, 9)"
144,0.3970207986887058,1.0,0.8604347653867781,0.8604347653867781,0.9675534648276766,3,2,3,"(0, 4, 7, 10)","(0, 2, 3, 10)","(0, 4, 7, 10)"
145,0.43247716851299955,1.0,0.9992371941598202,1.0,0.9587590283541226,3,3,3,"(0, 2, 6, 9)","(0, 4, 6, 9)","(0, 2, 6, 9)"
146,0.44489333367823836,1.0,0.8690787412410305,0.8690787412410305,0.9622772120525895,3,2,3,"(0, 4, 7, 8)","(0, 1, 3, 7)","(0, 4, 7, 8)"
147,0.4657233892067319,1.0,0.9577411812321002,0.9903466481185587,0.9637788546971409,3,2,3,"(3, 5, 7, 10)","(1, 3, 5, 7)","(3, 5, 7, 10)"
148,0.37912888751797236,1.0,0.6536853597015665,0.6536853597015665,0.974957090588714,3,1,3,"(0, 6, 9, 11)","(4, 5, 6, 7)","(0, 6, 9, 11)"
149,0.40351753749153885,1.0,0.8487864939934704,0.6166082296332304,0.9719020341844838,3,2,3,"(3, 5, 9, 11)","(0, 1, 3, 11)","(3, 5, 9, 11)"
150,0.3594596709687205,1.0,0.8657470046327435,0.8657470046327435,0.9665892711229371,3,2,3,"(3, 4, 7, 10)","(0, 1, 3, 7)","(3, 4, 7, 10)"
151,0.37894759590690325,1.0,0.6462219563944587,0.6462219563944587,0.9709141693844222,3,1,3,"(1, 6, 7, 10)","(0, 1, 2, 3)","(1, 6, 7, 10)"
152,0.35504598947070376,1.0,0.9848053772878782,0.9846140733460927,0.9654028720738022,3,2,3,"(0, 5, 7, 10)","(5, 6, 7, 9)","(0, 5, 7, 10)"
153,0.3718022262462144,0.9998211795730799,0.8615885226034279,0.628124585439549,0.9618244324623644,3,2,3,"(0, 3, 4, 11)","(4, 9, 10, 11)","(0, 3, 4, 10)"
154,0.38349845529577165,1.0,0.8698881932719111,0.6385739455484559,0.9568265347229533,3,2,3,"(3, 4, 8, 11)","(0, 1, 3, 8)","(3, 4, 8, 11)"
155,0.43414896989133933,1.0,0.8745002839545979,0.8745002839545979,0.9585811243687118,3,2,3,"(2, 4, 5, 10)","(1, 2, 3, 10)","(2, 4, 5, 10)"
156,0.37908815686774305,1.0,0.6288240114151522,0.6288240114151522,0.9694532358909072,3,1,3,"(2, 3, 5, 10)","(8, 9, 10, 11)","(2, 3, 5, 10)"
157,0.36763204291569185,1.0,0.6309045903034064,0.6309045903034064,0.9676224788164267,3,1,3,"(0, 5, 6, 8)","(8, 9, 10, 11)","(0, 5, 6, 8)"
158,0.43758697240279465,1.0,0.6418513341665341,0.6418513341665341,0.9537481222087629,3,1,3,"(0, 2, 6, 11)","(4, 5, 6, 7)","(0, 2, 6, 11)"
159,0.4422198875857317,1.0,0.9534782933770435,0.9534782933770435,0.972914930768757,3,2,3,"(0, 7, 9, 10)","(6, 7, 9, 10)","(0, 7, 9, 10)"
160,0.4255365385789778,1.0,0.8744037883422309,0.6517224882321943,0.9673311697927901,3,2,3,"(1, 4, 9, 11)","(1, 4, 5, 7)","(1, 4, 9, 11)"
161,0.3792127260878334,1.0,0.865069024804186,0.6343300644528834,0.9514726580053933,3,2,3,"(0, 5, 6, 8)","(0, 8, 9, 10)","(0, 5, 6, 8)"
162,0.38274642652490304,1.0,1.0,1.0,0.9725281037262683,3,3,3,"(1, 5, 9, 11)","(1, 5, 9, 11)","(1, 5, 9, 11)"
163,0.3851835531348623,1.0,0.9656902265811145,0.8729680850239028,0.9600097689629054,3,3,3,"(0, 2, 5, 9)","(0, 5, 6, 9)","(0, 2, 5, 9)"
164,0.40458688157860295,1.0,1.0,1.0,0.9608527272516123,3,3,3,"(2, 6, 7, 8)","(2, 6, 7, 8)","(2, 6, 7, 8)"
165,0.31256390895490405,1.0,0.8794973331694002,0.8794973331694002,0.9649649103040487,3,2,3,"(3, 7, 9, 11)","(0, 1, 3, 9)","(3, 7, 9, 11)"
166,0.395542092619596,1.0,0.634338385828727,0.634338385828727,0.9662014523819963,3,1,3,"(0, 6, 7, 9)","(8, 9, 10, 11)","(0, 6, 7, 9)"
167,0.4143835136481847,1.0,0.6381256792711589,0.6381256792711589,0.964754560188871,3,1,3,"(3, 5, 8, 10)","(4, 5, 6, 7)","(3, 5, 8, 10)"
168,0.44523413133260403,1.0,0.6697119897586951,0.6697119897586951,0.9731789140664244,3,1,3,"(1, 7, 8, 11)","(0, 1, 2, 3)","(1, 7, 8, 11)"
169,0.4350763572345004,1.0,0.6639883263499761,0.6639883263499761,0.9742586369929143,3,1,3,"(1, 3, 6, 11)","(4, 5, 6, 7)","(1, 3, 6, 11)"
170,0.3506263161156045,1.0,0.6506513789806052,0.6506513789806052,0.9696647537492821,3,1,3,"(0, 1, 4, 10)","(4, 5, 6, 7)","(0, 1, 4, 10)"
171,0.3871616875919345,1.0,0.9584365747175163,0.9584365747175163,0.9631406708758943,3,2,3,"(2, 3, 4, 8)","(2, 3, 4, 6)","(2, 3, 4, 8)"
172,0.3860560705857551,1.0,0.6588641502905404,0.6588641502905404,0.9655590876979263,3,1,3,"(1, 4, 5, 9)","(8, 9, 10, 11)","(1, 4, 5, 9)"
173,0.39945126629827216,1.0,0.8696414340798315,0.9660454929677309,0.969262581147223,3,2,3,"(0, 6, 10, 11)","(0, 4, 6, 7)","(0, 6, 10, 11)"
174,0.3562456474551956,1.0,0.8734908272027068,0.8734854683762002,0.9704016588458478,3,2,3,"(1, 4, 8, 9)","(4, 6, 7, 8)","(1, 4, 8, 9)"
175,0.342560357605928,1.0,0.8675522566614663,0.6360919337641683,0.9613607247082033,3,2,3,"(1, 5, 10, 11)","(1, 2, 3, 5)","(1, 5, 10, 11)"
176,0.4138042189037362,1.0,0.9541676512742384,0.9541676512742384,0.9644544521775256,3,2,3,"(0, 6, 10, 11)","(6, 7, 10, 11)","(0, 6, 10, 11)"
177,0.43075583286900204,0.9999302241546333,0.8645747171494703,0.8645747171494703,0.9615493665782208,3,2,3,"(1, 2, 5, 11)","(5, 9, 10, 11)","(1, 2, 5, 10)"
178,0.44504101254908296,1.0,0.6581957698132059,0.6581957698132059,0.9704873619388688,3,1,3,"(1, 5, 7, 8)","(8, 9, 10, 11)","(1, 5, 7, 8)"
179,0.37744075286008555,1.0,0.9597143135176021,0.9597143135176021,0.9612524237284128,3,3,3,"(2, 4, 9, 10)","(2, 3, 4, 10)","(2, 4, 9, 10)"
180,0.3794561747377864,1.0,0.8673183781848885,0.6356746286555975,0.9606709199580629,3,2,3,"(2, 5, 8, 11)","(2, 5, 6, 7)","(2, 5, 8, 11)"
181,0.34936030566006776,1.0,0.8735741411157791,0.8735737282912098,0.9695617136612066,3,2,3,"(0, 4, 7, 8)","(4, 8, 9, 10)","(0, 4, 7, 8)"
182,0.34640120939858776,1.0,0.6399466410955414,0.6399466410955414,0.9580481251322918,3,1,3,"(0, 3, 5, 10)","(4, 5, 6, 7)","(0, 3, 5, 10)"
183,0.3421001437849642,1.0,0.6565968414187628,0.6565968414187628,0.9665823112037524,3,1,3,"(1, 5, 7, 10)","(0, 1, 2, 3)","(1, 5, 7, 10)"
184,0.400449123921745,1.0,0.8600093075158315,0.6290887403573234,0.9475370293432019,3,2,3,"(1, 7, 8, 9)","(0, 1, 3, 7)","(1, 7, 8, 9)"
185,0.4551235709433799,1.0,0.8731863257743206,0.8731863257743206,0.9697351533952258,3,2,3,"(1, 2, 7, 10)","(1, 9, 10, 11)","(1, 2, 7, 10)"
186,0.3567117385366378,1.0,0.8725222232650413,0.8725222232650413,0.957662745494117,3,2,3,"(0, 3, 7, 9)","(4, 6, 7, 9)","(0, 3, 7, 9)"
187,0.3450298325286701,0.9998732831975637,0.6521620625214484,0.6521620625214484,0.967570242721203,3,1,3,"(2, 4, 9, 11)","(4, 5, 6, 7)","(2, 6, 9, 11)"
188,0.3851927494395846,1.0,0.8610473001521655,0.6306375393216586,0.9677125423709807,3,2,3,"(0, 2, 5, 11)","(3, 4, 5, 6)","(0, 2, 5, 11)"
189,0.40594208993774433,1.0,0.9888412087523613,0.9884073164457892,0.9577727124757471,3,2,3,"(2, 3, 4, 8)","(1, 2, 3, 8)","(2, 3, 4, 8)"
190,0.36723963099028756,1.0,1.0,1.0,0.9500153571286457,3,3,3,"(0, 2, 6, 8)","(0, 2, 6, 8)","(0, 2, 6, 8)"
191,0.36271863993193726,1.0,0.9950618440045514,1.0,0.9641386547420333,3,2,3,"(2, 4, 10, 11)","(2, 3, 10, 11)","(2, 4, 10, 11)"
192,0.4605129256486305,1.0,0.6599295996500741,0.6599295996500741,0.965588176315007,3,1,3,"(0, 5, 9, 10)","(4, 5, 6, 7)","(0, 5, 9, 10)"
193,0.3783367922540291,1.0,0.6615307568437677,0.6615307568437677,0.9659651105904908,3,1,3,"(1, 6, 10, 11)","(4, 5, 6, 7)","(1, 6, 10, 11)"
194,0.37572427302413297,0.9999635345922933,0.650124064406749,0.650124064406749,0.9684131545913881,3,1,3,"(1, 5, 6, 10)","(0, 1, 2, 3)","(3, 5, 6, 10)"
195,0.3572887912273668,1.0,1.0,1.0,0.9712708168810744,3,3,3,"(1, 4, 7, 8)","(1, 4, 7, 8)","(1, 4, 7, 8)"
196,0.3541896964702487,1.0,0.6347345046987857,0.6347345046987857,0.9718717486309497,3,1,3,"(0, 3, 5, 9)","(8, 9, 10, 11)","(0, 3, 5, 9)"
197,0.4462306064019869,1.0,0.8645315239701903,0.8645295555483616,0.9610568318141296,3,2,3,"(0, 3, 6, 8)","(4, 6, 7, 8)","(0, 3, 6, 8)"
198,0.3609285605745869,1.0,0.9976121290195454,0.9975390185099194,0.9729458777070417,3,2,3,"(0, 4, 9, 10)","(4, 6, 9, 10)","(0, 4, 9, 10)"
199,0.32419622016004224,1.0,0.9955745574001922,0.9955745574001922,0.9645302154686383,3,2,3,"(3, 5, 7, 8)","(5, 7, 8, 10)","(3, 5, 7, 8)"
200,0.45265889571120294,1.0,0.6516245996289899,0.6516245996289899,0.9594282380894849,3,1,3,"(3, 6, 7, 8)","(8, 9, 10, 11)","(3, 6, 7, 8)"
201,0.35440861620606845,1.0,0.6408960499898629,0.6408960499898629,0.9786976294340192,3,1,3,"(0, 1, 6, 11)","(8, 9, 10, 11)","(0, 1, 6, 11)"
202,0.3964516595123278,1.0,0.6497326667794574,0.6497326667794574,0.9609207901956567,3,1,3,"(0, 5, 6, 8)","(8, 9, 10, 11)","(0, 5, 6, 8)"
203,0.3679059694570667,1.0,0.9641342836900968,0.8630524595600194,0.9562324215596564,3,3,3,"(2, 6, 10, 11)","(1, 2, 6, 11)","(2, 6, 10, 11)"
204,0.37345334343352665,1.0,1.0,1.0,0.9625545921748049,3,3,3,"(1, 2, 5, 9)","(1, 2, 5, 9)","(1, 2, 5, 9)"
205,0.36388569003971527,1.0,1.0,0.993520948793587,0.9510358123576467,3,3,3,"(0, 1, 4, 8)","(0, 1, 4, 8)","(0, 1, 4, 8)"
206,0.3625973488751666,1.0,0.8768534029967548,0.8768596185399447,0.9437480532166614,3,2,3,"(3, 5, 6, 11)","(1, 2, 3, 5)","(3, 5, 6, 11)"
207,0.3803777117029765,1.0,0.6459337746881247,0.6459337746881247,0.9612976187471327,3,1,3,"(1, 6, 8, 11)","(4, 5, 6, 7)","(1, 6, 8, 11)"
208,0.41299313697313317,1.0,0.9553569895514795,0.8682016280135872,0.9635782058784047,3,2,3,"(0, 2, 7, 8)","(0, 2, 8, 11)","(0, 2, 7, 8)"
209,0.39557002609784536,1.0,0.9510612105979711,0.9629477037309057,0.9598179694363439,3,2,3,"(0, 3, 5, 10)","(0, 3, 10, 11)","(0, 3, 5, 10)"
210,0.3598337815364696,0.9999282226453027,0.6637478468794195,0.6637478468794195,0.958465035786923,3,1,3,"(3, 6, 8, 9)","(0, 1, 2, 3)","(0, 6, 8, 9)"
211,0.38290854413254594,1.0,0.8619334191828344,0.6243550337923719,0.9623774658216092,3,2,3,"(0, 4, 5, 9)","(0, 1, 2, 5)","(0, 4, 5, 9)"
212,0.344643729784562,1.0,0.9899576267851908,0.9899576267851908,0.9574866641802118,3,2,3,"(3, 4, 8, 10)","(3, 8, 10, 11)","(3, 4, 8, 10)"
213,0.4247678519865024,1.0,0.9556011862925354,0.9556011862925354,0.9694694777220414,3,2,3,"(1, 3, 5, 10)","(1, 3, 4, 5)","(1, 3, 5, 10)"
214,0.3884899545219916,1.0,0.8654522906616253,0.6308628783563462,0.9814326801823418,3,2,3,"(2, 3, 5, 9)","(3, 4, 5, 7)","(2, 3, 5, 9)"
215,0.40703597876839154,1.0,0.6570619964398027,0.6570619964398027,0.9710447433963425,3,1,3,"(1, 3, 7, 10)","(4, 5, 6, 7)","(1, 3, 7, 10)"
216,0.3778277459889966,1.0,0.9663251651884074,0.8679852008305439,0.9674859342360347,3,3,3,"(3, 4, 5, 11)","(3, 5, 10, 11)","(3, 4, 5, 11)"
217,0.3186946409958252,1.0,1.0,1.0,0.9666549656535859,3,3,3,"(1, 2, 4, 10)","(1, 2, 4, 10)","(1, 2, 4, 10)"
218,0.36330723570463863,1.0,0.8539419446321017,0.6208412051717065,0.9712070918297144,3,2,3,"(1, 7, 10, 11)","(1, 2, 3, 7)","(1, 7, 10, 11)"
219,0.4496013978185038,1.0,0.6383941981242517,0.6383941981242517,0.9636597450068268,3,1,3,"(1, 4, 7, 8)","(8, 9, 10, 11)","(1, 4, 7, 8)"
220,0.3728614059397367,1.0,0.9621518619747801,0.8615128550054365,0.9692015351824219,3,3,3,"(2, 3, 6, 9)","(3, 6, 9, 11)","(2, 3, 6, 9)"
221,0.40426008361822535,1.0,0.9991605792597656,0.9460493452082257,0.9650170144814754,3,3,3,"(2, 3, 6, 8)","(3, 6, 8, 9)","(2, 3, 6, 8)"
222,0.43042789398640985,1.0,0.9649477137052076,0.9528568162427143,0.9756602511682445,3,3,3,"(0, 4, 6, 10)","(0, 2, 4, 10)","(0, 4, 6, 10)"
223,0.4443072895544112,1.0,0.950890005209137,0.950890005209137,0.9719200293316758,3,2,3,"(0, 6, 7, 9)","(0, 1, 6, 7)","(0, 6, 7, 9)"
224,0.45157216034804387,1.0,0.8683991636862325,0.6373899836949876,0.9726705435842601,3,2,3,"(0, 2, 6, 11)","(2, 8, 10, 11)","(0, 2, 6, 11)"
225,0.397655328318852,1.0,0.9922328956239217,0.9554693693969035,0.9609379836687234,3,2,3,"(0, 5, 10, 11)","(0, 8, 10, 11)","(0, 5, 10, 11)"
226,0.38354235309207446,1.0,0.9977377785395803,0.9977377785395803,0.9613460652992333,3,2,3,"(2, 4, 5, 8)","(4, 5, 8, 10)","(2, 4, 5, 8)"
227,0.44668842561244115,1.0,0.9577564600388486,0.8704659824829069,0.9675842727325954,3,2,3,"(2, 4, 5, 9)","(4, 5, 9, 11)","(2, 4, 5, 9)"
228,0.43633889247770824,1.0,0.9625541790173174,0.9625068922894019,0.9619877149470776,3,3,3,"(0, 1, 6, 10)","(0, 5, 6, 10)","(0, 1, 6, 10)"
229,0.3891603439815395,1.0,0.959163791801964,0.855397861915179,0.9666467456344741,3,3,3,"(3, 4, 7, 9)","(1, 3, 7, 9)","(3, 4, 7, 9)"
230,0.3908039773124148,1.0,0.8634850593111951,0.8634850593111951,0.9677380978005088,3,2,3,"(2, 7, 9, 11)","(1, 2, 3, 9)","(2, 7, 9, 11)"
231,0.39377923445159585,0.9999414091533201,0.8593924722059108,0.6272973901053367,0.9626916036503496,3,2,3,"(2, 5, 7, 8)","(0, 1, 2, 7)","(2, 5, 7, 9)"
232,0.3848598852820742,1.0,0.959357616901774,0.8566651798639365,0.9503383119823473,3,3,3,"(1, 2, 7, 8)","(2, 5, 7, 8)","(1, 2, 7, 8)"
233,0.374526166566374,1.0,0.8575257735225502,0.8575257735225502,0.9685257855485381,3,2,3,"(0, 4, 7, 10)","(0, 2, 3, 4)","(0, 4, 7, 10)"
234,0.37176594653461503,1.0,0.6367582208731248,0.6367582208731248,0.9669715899201151,3,1,3,"(1, 5, 6, 11)","(0, 1, 2, 3)","(1, 5, 6, 11)"
235,0.36197724150705507,1.0,0.87204672403433,0.8734251149320668,0.9724555710209323,3,2,3,"(3, 7, 9, 11)","(4, 5, 7, 9)","(3, 7, 9, 11)"
236,0.4357942523463419,1.0,0.8768075947580334,0.8768075947580334,0.9668397845690271,3,2,3,"(2, 3, 4, 10)","(2, 4, 5, 7)","(2, 3, 4, 10)"
237,0.5021927236975738,1.0,0.9875168516944477,0.9861238012439645,0.9767272870280165,3,2,3,"(1, 6, 7, 11)","(1, 5, 6, 7)","(1, 6, 7, 11)"
238,0.347794430523949,1.0,0.6747045255552909,0.6747045255552909,0.9613849155699834,3,1,3,"(0, 3, 6, 10)","(8, 9, 10, 11)","(0, 3, 6, 10)"
239,0.40845594915998684,1.0,0.9699455371289539,0.9699455371289539,0.9539108218995188,3,1,3,"(2, 4, 6, 8)","(4, 5, 6, 7)","(2, 4, 6, 8)"
240,0.3553123945240389,1.0,0.8685166433917499,0.8702752694756513,0.959410444709301,3,2,3,"(1, 3, 6, 11)","(5, 6, 7, 11)","(1, 3, 6, 11)"
241,0.3965510632135396,1.0,0.9621969979281535,0.9621969979281535,0.9705455484772396,3,3,3,"(0, 2, 5, 9)","(2, 4, 5, 9)","(0, 2, 5, 9)"
242,0.3616892456284416,0.9997981674780518,0.6513331727415975,0.6513331727415975,0.9648526493579707,3,1,3,"(1, 2, 4, 10)","(4, 5, 6, 7)","(1, 2, 7, 10)"
243,0.36643110028726317,1.0,0.999198810502635,0.99308309418224,0.9562651248721753,3,3,3,"(0, 4, 6, 9)","(0, 3, 6, 9)","(0, 4, 6, 9)"
244,0.3776964158473891,1.0,0.9530481820897075,0.9530481820897075,0.9717326963654482,3,2,3,"(2, 6, 9, 11)","(1, 2, 9, 11)","(2, 6, 9, 11)"
245,0.41877684798290316,1.0,0.9626701382466545,0.9626701382466545,0.9658726816647496,3,3,3,"(3, 6, 10, 11)","(1, 3, 6, 11)","(3, 6, 10, 11)"
246,0.33895818234579755,1.0,0.9635339565684083,0.9635339565684083,0.9391723648461536,3,3,3,"(0, 2, 7, 9)","(2, 6, 7, 9)","(0, 2, 7, 9)"
247,0.47013817989722356,1.0,0.9962564743035531,1.0,0.961285759844843,3,2,3,"(0, 3, 7, 11)","(0, 3, 10, 11)","(0, 3, 7, 11)"
248,0.42497510222569523,1.0,1.0,0.999943311450165,0.9702871960513942,3,3,3,"(2, 4, 8, 9)","(2, 4, 8, 9)","(2, 4, 8, 9)"
249,0.386413312240516,1.0,0.9550298277452315,0.862859200717605,0.9541064915129162,3,2,3,"(2, 7, 8, 11)","(2, 3, 8, 11)","(2, 7, 8, 11)"
